timestamp,humidity,temperature,water_level,flow_rate,activar_bomba,abrir_valvula_suministro
2024-10-06 18:31:42,41.1,22.3,20.1,50.045,0,1
2024-10-06 18:32:50,43.4,6.1,54.1,7.294,0,1
2024-10-06 18:33:50,27.9,27.9,63.3,5.0,0,0
2024-10-06 18:34:50,53.9,25.2,61.2,6.1,0,0
2024-10-06 18:35:50,26.8,31.0,89.9,10.3,1,0
2024-10-06 18:36:50,39.5,31.4,76.0,6.1,1,0
2024-10-06 18:37:50,60.1,23.9,79.7,7.8,0,0
2024-10-06 18:38:50,63.3,18.0,72.6,7.6,0,0
2024-10-06 18:39:50,25.1,31.7,95.3,9.5,1,0
2024-10-06 18:40:50,64.3,22.2,95.7,9.8,1,0
2024-10-06 18:41:50,60.5,26.2,79.4,8.1,0,0
2024-10-06 18:42:50,49.0,20.6,87.0,8.7,0,0
2024-10-06 18:43:50,42.3,25.6,75.1,6.1,0,0
2024-10-06 18:44:50,31.2,35.7,82.6,8.8,1,0
2024-10-06 18:45:50,39.3,29.9,85.7,7.7,1,0
2024-10-06 18:46:50,40.2,26.0,79.3,7.0,0,0
2024-10-06 18:47:50,63.9,19.7,92.7,9.6,1,0
2024-10-06 18:48:50,48.2,19.7,94.7,11.1,0,0
2024-10-06 18:49:50,63.5,17.9,59.6,5.6,0,0
2024-10-06 18:50:50,32.7,31.1,59.3,4.7,1,0
2024-10-06 18:51:50,38.1,29.6,73.3,4.5,1,0
2024-10-06 18:52:50,47.8,27.3,65.2,6.5,0,0
2024-10-06 18:53:50,24.5,32.9,86.5,6.7,0,0
2024-10-06 18:54:50,53.1,22.0,76.9,8.0,0,0
2024-10-06 18:55:50,71.4,23.1,70.6,7.6,0,0
2024-10-06 18:56:50,57.6,26.4,77.7,7.6,0,0
2024-10-06 18:57:50,29.8,30.0,62.8,6.6,1,0
2024-10-06 18:58:50,68.8,21.3,87.2,10.9,0,0
2024-10-06 18:59:50,45.5,27.3,73.9,6.8,0,0
2024-10-06 19:00:50,48.7,18.2,91.8,9.6,1,0
2024-10-06 19:01:50,47.0,27.5,66.2,6.1,0,0
2024-10-06 19:02:50,44.3,29.0,77.5,7.0,0,0
2024-10-06 19:03:50,76.3,14.9,84.7,9.4,0,0
2024-10-06 19:04:50,33.9,31.0,65.0,6.0,0,0
2024-10-06 19:05:50,31.1,30.1,69.9,6.8,1,0
2024-10-06 19:06:50,58.8,19.4,85.5,7.4,0,0
2024-10-06 19:07:50,59.2,20.9,76.8,8.4,0,0
2024-10-06 19:08:50,44.1,31.4,77.2,7.9,0,0
2024-10-06 19:09:50,43.5,23.2,54.6,3.8,1,0
2024-10-06 19:10:50,38.2,25.0,80.6,10.4,1,0
2024-10-06 19:11:50,65.7,23.6,53.9,6.6,0,0
2024-10-06 19:12:50,79.5,17.7,66.6,6.6,0,0
2024-10-06 19:13:50,37.9,26.4,79.3,9.1,0,0
2024-10-06 19:14:50,67.9,19.8,90.2,9.6,0,0
2024-10-06 19:15:50,53.5,22.8,76.1,9.0,0,0
2024-10-06 19:16:50,40.5,23.6,74.6,6.3,0,0
2024-10-06 19:17:50,40.1,37.5,62.7,6.0,0,0
2024-10-06 19:18:50,38.4,27.6,45.7,5.0,0,0
2024-10-06 19:19:50,50.1,29.9,76.8,6.0,0,0
2024-10-06 19:20:50,56.1,23.0,63.9,5.0,0,0
2024-10-06 19:21:50,56.9,20.4,94.6,9.0,0,0
2024-10-06 19:22:50,61.7,21.2,97.9,9.9,0,0
2024-10-06 19:23:50,55.8,21.8,101.4,11.7,0,0
2024-10-06 19:24:50,35.7,31.6,82.5,7.0,1,0
2024-10-06 19:25:50,68.1,20.5,78.9,8.9,0,0
2024-10-06 19:26:50,43.0,31.5,94.0,9.2,1,0
2024-10-06 19:27:50,52.2,24.1,87.5,8.2,0,0
2024-10-06 19:28:50,43.8,28.4,85.9,9.2,0,0
2024-10-06 19:29:50,38.1,31.0,76.9,7.4,1,0
2024-10-06 19:30:50,40.5,28.1,80.0,6.2,0,0
2024-10-06 19:31:50,76.0,16.4,96.3,7.1,1,0
2024-10-06 19:32:50,65.5,18.1,70.2,7.0,0,0
2024-10-06 19:33:50,67.9,16.7,72.6,8.0,0,0
2024-10-06 19:34:50,31.4,32.6,71.7,9.0,1,0
2024-10-06 19:35:50,70.6,15.7,75.2,6.5,0,0
2024-10-06 19:36:50,43.9,36.6,60.8,5.4,0,0
2024-10-06 19:37:50,16.4,32.6,81.1,7.9,1,0
2024-10-06 19:38:50,49.6,25.5,70.4,6.4,0,0
2024-10-06 19:39:50,61.7,18.8,77.2,8.1,0,0
2024-10-06 19:40:50,42.3,24.6,82.4,8.6,0,0
2024-10-06 19:41:50,60.3,20.4,64.3,7.8,0,0
2024-10-06 19:42:50,45.1,30.9,60.4,4.4,0,0
2024-10-06 19:43:50,51.3,23.2,86.8,6.7,0,0
2024-10-06 19:44:50,59.4,24.4,89.2,9.8,0,0
2024-10-06 19:45:50,38.2,33.3,72.2,5.6,1,0
2024-10-06 19:46:50,16.4,36.2,72.9,7.6,0,0
2024-10-06 19:47:50,71.8,15.3,76.4,8.3,0,0
2024-10-06 19:48:50,38.6,32.5,54.0,5.3,1,0
2024-10-06 19:49:50,27.0,34.7,98.4,9.7,1,0
2024-10-06 19:50:50,52.5,25.4,79.1,7.6,0,0
2024-10-06 19:51:50,38.0,33.2,77.8,7.7,1,0
2024-10-06 19:52:50,45.2,27.2,85.1,7.8,1,0
2024-10-06 19:53:50,47.3,21.4,82.3,9.3,0,0
2024-10-06 19:54:50,48.3,23.2,76.1,7.8,0,0
2024-10-06 19:55:50,64.8,23.6,68.1,9.1,0,0
2024-10-06 19:56:50,58.3,15.5,94.8,9.1,0,0
2024-10-06 19:57:50,49.7,18.0,66.2,6.2,0,0
2024-10-06 19:58:50,49.2,26.0,63.0,4.0,0,0
2024-10-06 19:59:50,36.2,29.6,87.6,11.1,1,0
2024-10-06 20:00:50,59.8,24.1,63.4,7.5,0,0
2024-10-06 20:01:50,69.1,23.2,85.7,9.4,0,0
2024-10-06 20:02:50,25.5,32.7,78.2,7.6,1,0
2024-10-06 20:03:50,67.0,18.3,73.9,6.4,0,0
2024-10-06 20:04:50,63.5,21.7,77.5,7.5,0,0
2024-10-06 20:05:50,60.3,22.3,81.7,9.6,0,0
2024-10-06 20:06:50,56.3,26.4,59.8,5.4,0,0
2024-10-06 20:07:50,59.0,21.9,79.8,7.8,0,0
2024-10-06 20:08:50,85.7,15.4,73.1,6.5,0,0
2024-10-06 20:09:50,45.4,32.5,84.4,9.3,1,0
2024-10-06 20:10:50,47.7,19.2,54.5,7.4,0,0
2024-10-06 20:11:50,40.1,23.6,76.7,8.5,0,0
2024-10-06 20:12:50,69.5,19.6,80.7,7.8,0,0
2024-10-06 20:13:50,66.2,20.6,80.9,8.5,1,0
2024-10-06 20:14:50,50.5,25.0,83.3,9.4,0,0
2024-10-06 20:15:50,71.1,21.9,83.3,8.6,0,0
2024-10-06 20:16:50,49.1,33.1,86.8,7.9,1,0
2024-10-06 20:17:50,37.1,24.0,87.0,8.1,0,0
2024-10-06 20:18:50,31.8,29.6,94.2,7.7,1,0
2024-10-06 20:19:50,72.0,18.4,48.2,4.2,0,0
2024-10-06 20:20:50,66.8,28.7,73.6,9.4,0,0
2024-10-06 20:21:50,55.4,21.1,79.9,9.2,1,0
2024-10-06 20:22:50,43.8,29.9,57.2,6.6,0,0
2024-10-06 20:23:50,63.3,18.9,72.4,6.5,0,0
2024-10-06 20:24:50,27.3,26.6,69.2,6.8,0,0
2024-10-06 20:25:50,40.4,21.9,102.0,9.4,0,0
2024-10-06 20:26:50,63.1,24.3,69.8,6.8,1,0
2024-10-06 20:27:50,43.7,27.5,77.6,7.0,0,0
2024-10-06 20:28:50,54.1,25.5,69.3,9.1,0,0
2024-10-06 20:29:50,64.6,18.3,69.0,8.0,0,0
2024-10-06 20:30:50,66.2,19.5,68.7,7.6,0,0
2024-10-06 20:31:50,60.9,19.6,68.5,6.9,0,0
2024-10-06 20:32:50,57.2,25.3,96.7,9.4,0,0
2024-10-06 20:33:50,54.6,27.7,82.4,8.2,0,0
2024-10-06 20:34:50,33.4,26.5,76.3,6.6,1,0
2024-10-06 20:35:50,65.5,19.5,78.1,7.9,0,0
2024-10-06 20:36:50,64.0,23.9,104.1,9.2,0,0
2024-10-06 20:37:50,47.4,22.3,65.5,4.7,1,0
2024-10-06 20:38:50,46.0,22.5,76.7,9.3,0,0
2024-10-06 20:39:50,26.3,30.0,78.8,9.4,1,0
2024-10-06 20:40:50,66.6,27.8,57.6,5.7,0,0
2024-10-06 20:41:50,41.3,28.8,52.8,5.8,0,0
2024-10-06 20:42:50,53.8,25.5,98.2,10.0,0,0
2024-10-06 20:43:50,71.2,13.2,60.7,6.1,0,0
2024-10-06 20:44:50,56.1,25.6,43.7,3.1,0,0
2024-10-06 20:45:50,49.2,23.6,76.6,7.1,0,0
2024-10-06 20:46:50,63.0,18.1,68.3,8.1,0,0
2024-10-06 20:47:50,73.5,16.5,51.2,4.7,0,0
2024-10-06 20:48:50,45.5,25.0,84.9,8.4,0,0
2024-10-06 20:49:50,61.7,26.5,63.4,5.9,0,0
2024-10-06 20:50:50,33.4,23.6,76.9,6.7,0,0
2024-10-06 20:51:50,44.6,24.3,75.0,7.0,0,0
2024-10-06 20:52:50,26.8,28.8,88.8,10.5,1,0
2024-10-06 20:53:50,66.7,24.0,75.0,7.4,0,0
2024-10-06 20:54:50,59.6,24.5,85.8,7.9,0,0
2024-10-06 20:55:50,47.3,27.7,74.0,8.2,0,0
2024-10-06 20:56:50,58.5,22.4,58.9,6.4,0,0
2024-10-06 20:57:50,43.8,27.6,86.5,7.4,0,0
2024-10-06 20:58:50,39.3,23.8,85.6,7.6,1,0
2024-10-06 20:59:50,40.9,24.4,78.7,7.8,0,0
2024-10-06 21:00:50,76.5,16.7,81.1,9.6,0,0
2024-10-06 21:01:50,59.5,19.4,80.8,8.4,0,0
2024-10-06 21:02:50,42.5,29.4,73.9,6.5,0,0
2024-10-06 21:03:50,66.7,22.6,71.3,6.7,0,0
2024-10-06 21:04:50,53.0,24.5,60.3,5.6,0,0
2024-10-06 21:05:50,53.5,23.1,78.4,7.0,0,0
2024-10-06 21:06:50,72.5,19.3,75.2,6.2,0,0
2024-10-06 21:07:50,50.4,26.5,70.8,7.3,1,0
2024-10-06 21:08:50,65.3,16.5,62.3,7.0,0,0
2024-10-06 21:09:50,43.2,25.0,71.8,7.2,1,0
2024-10-06 21:10:50,70.1,21.0,87.5,8.0,0,0
2024-10-06 21:11:50,67.3,19.7,78.5,7.0,0,0
2024-10-06 21:12:50,30.1,31.6,55.2,7.0,1,0
2024-10-06 21:13:50,33.5,34.9,90.4,9.8,1,0
2024-10-06 21:14:50,37.9,27.4,63.8,7.1,0,0
2024-10-06 21:15:50,55.1,28.6,60.1,5.8,1,0
2024-10-06 21:16:50,63.8,19.9,86.7,9.0,0,0
2024-10-06 21:17:50,45.4,18.3,66.5,8.1,0,0
2024-10-06 21:18:50,37.9,39.3,74.9,7.4,1,0
2024-10-06 21:19:50,48.9,26.2,85.9,8.5,0,0
2024-10-06 21:20:50,64.0,22.7,72.0,5.5,0,0
2024-10-06 21:21:50,70.5,23.2,65.9,7.2,0,0
2024-10-06 21:22:50,58.7,22.9,76.5,7.9,0,0
2024-10-06 21:23:50,68.2,19.9,89.3,7.9,0,0
2024-10-06 21:24:50,43.6,26.8,80.5,8.4,0,0
2024-10-06 21:25:50,30.5,32.4,80.6,9.6,1,0
2024-10-06 21:26:50,57.6,20.8,99.4,10.1,0,0
2024-10-06 21:27:50,66.0,16.7,56.4,5.5,1,0
2024-10-06 21:28:50,72.7,18.4,67.2,6.5,0,0
2024-10-06 21:29:50,75.0,18.6,76.6,7.8,0,0
2024-10-06 21:30:50,61.2,21.5,88.0,9.3,0,0
2024-10-06 21:31:50,38.2,23.7,91.0,7.3,1,0
2024-10-06 21:32:50,47.4,23.1,56.2,6.1,0,0
2024-10-06 21:33:50,42.8,29.0,84.2,9.0,0,0
2024-10-06 21:34:50,41.0,31.5,64.3,3.6,1,0
2024-10-06 21:35:50,40.1,22.5,49.9,3.5,0,0
2024-10-06 21:36:50,30.2,28.8,76.6,7.0,0,0
2024-10-06 21:37:50,61.9,22.1,89.0,10.9,0,0
2024-10-06 21:38:50,56.1,19.4,73.7,6.6,0,0
2024-10-06 21:39:50,64.7,16.7,66.2,6.9,0,0
2024-10-06 21:40:50,67.7,19.1,69.3,5.7,1,0
2024-10-06 21:41:50,43.4,23.6,69.2,6.5,0,0
2024-10-06 21:42:50,30.2,29.3,64.4,8.0,0,0
2024-10-06 21:43:50,18.9,34.7,60.1,6.4,0,0
2024-10-06 21:44:50,49.5,28.4,59.8,5.8,0,0
2024-10-06 21:45:50,46.7,36.2,94.2,11.2,1,0
2024-10-06 21:46:50,29.3,32.7,76.3,7.9,1,0
2024-10-06 21:47:50,56.8,18.2,53.0,4.6,0,0
2024-10-06 21:48:50,32.5,29.7,71.2,5.7,0,0
2024-10-06 21:49:50,41.6,25.7,61.5,6.9,0,0
2024-10-06 21:50:50,45.5,23.0,81.2,7.4,0,0
2024-10-06 21:51:50,63.8,22.9,64.5,8.7,0,0
2024-10-06 21:52:50,58.1,17.7,102.9,10.9,0,0
2024-10-06 21:53:50,22.0,33.2,82.4,11.0,1,0
2024-10-06 21:54:50,23.2,34.0,79.0,7.2,1,0
2024-10-06 21:55:50,63.5,19.1,65.1,5.9,0,0
2024-10-06 21:56:50,50.4,24.5,67.1,5.9,0,0
2024-10-06 21:57:50,54.4,21.5,89.5,11.3,0,0
2024-10-06 21:58:50,38.9,28.6,53.5,6.3,0,0
2024-10-06 21:59:50,31.3,28.3,69.3,7.7,0,0
2024-10-06 22:00:50,52.6,25.9,65.6,6.8,0,0
2024-10-06 22:01:50,32.9,30.5,91.6,8.9,1,0
2024-10-06 22:02:50,52.6,20.3,75.6,7.1,0,0
2024-10-06 22:03:50,58.6,20.6,78.9,8.7,0,0
2024-10-06 22:04:50,45.6,25.0,76.8,8.7,0,0
2024-10-06 22:05:50,67.5,22.8,72.8,5.3,0,0
2024-10-06 22:06:50,60.3,25.7,93.0,9.6,0,0
2024-10-06 22:07:50,34.0,28.0,97.9,10.6,1,0
2024-10-06 22:08:50,44.9,23.0,81.4,8.8,0,0
2024-10-06 22:09:50,34.3,31.7,85.9,8.5,1,0
2024-10-06 22:10:50,60.2,21.3,80.9,7.0,0,0
2024-10-06 22:11:50,56.1,25.1,54.4,4.5,0,0
2024-10-06 22:12:50,54.3,21.6,65.8,7.2,0,0
2024-10-06 22:13:50,29.8,32.6,72.1,8.1,1,0
2024-10-06 22:14:50,51.6,23.3,72.1,7.4,0,0
2024-10-06 22:15:50,79.1,14.5,75.9,8.9,0,0
2024-10-06 22:16:50,33.6,28.2,77.8,8.6,1,0
2024-10-06 22:17:50,48.3,28.4,65.9,5.4,0,0
2024-10-06 22:18:50,61.0,27.1,74.1,6.2,0,0
2024-10-06 22:19:50,50.3,30.9,77.3,7.9,1,0
2024-10-06 22:20:50,46.5,29.5,92.9,9.0,0,0
2024-10-06 22:21:50,70.4,16.8,81.5,8.2,1,0
2024-10-06 22:22:50,49.8,28.8,70.9,5.3,1,0
2024-10-06 22:23:50,40.6,23.9,80.2,8.3,0,0
2024-10-06 22:24:50,54.7,28.0,76.8,8.7,0,0
2024-10-06 22:25:50,64.6,25.1,79.5,7.4,0,0
2024-10-06 22:26:50,27.5,30.8,73.2,7.1,1,0
2024-10-06 22:27:50,52.9,32.9,93.4,11.3,0,0
2024-10-06 22:28:50,45.5,30.8,61.3,5.7,0,0
2024-10-06 22:29:50,21.7,36.3,75.7,6.7,1,0
2024-10-06 22:30:50,48.1,25.7,64.4,7.6,0,0
2024-10-06 22:31:50,40.6,29.1,68.5,6.5,0,0
2024-10-06 22:32:50,22.9,33.6,102.4,10.7,1,0
2024-10-06 22:33:50,56.4,25.9,73.2,8.7,0,0
2024-10-06 22:34:50,58.3,25.0,76.9,8.9,0,0
2024-10-06 22:35:50,50.7,20.4,88.4,9.4,0,0
2024-10-06 22:36:50,37.5,26.7,65.7,8.5,0,0
2024-10-06 22:37:50,59.5,26.3,66.1,7.4,0,0
2024-10-06 22:38:50,52.2,29.6,67.8,7.8,0,0
2024-10-06 22:39:50,27.6,33.4,74.1,6.4,1,0
2024-10-06 22:40:50,9.4,35.7,87.5,8.8,1,0
2024-10-06 22:41:50,40.8,25.2,72.2,6.2,0,0
2024-10-06 22:42:50,33.3,25.7,73.2,6.3,1,0
2024-10-06 22:43:50,53.6,17.9,72.5,7.9,0,0
2024-10-06 22:44:50,46.3,25.2,60.1,6.7,0,0
2024-10-06 22:45:50,56.7,29.3,70.8,6.8,0,0
2024-10-06 22:46:50,53.6,31.1,83.7,8.4,1,0
2024-10-06 22:47:50,41.1,24.1,76.1,7.8,0,0
2024-10-06 22:48:50,37.9,28.8,80.7,6.9,0,0
2024-10-06 22:49:50,51.2,21.2,70.6,6.2,0,0
2024-10-06 22:50:50,54.1,31.5,88.4,9.5,0,0
2024-10-06 22:51:50,50.1,19.5,97.9,13.0,0,0
2024-10-06 22:52:50,52.4,20.1,103.2,9.1,0,0
2024-10-06 22:53:50,68.7,21.7,63.9,4.9,0,0
2024-10-06 22:54:50,34.6,25.9,93.1,8.9,0,0
2024-10-06 22:55:50,52.3,19.9,101.3,10.8,1,0
2024-10-06 22:56:50,65.5,19.7,79.5,8.1,0,0
2024-10-06 22:57:50,56.5,22.4,80.5,9.4,0,0
2024-10-06 22:58:50,47.8,22.2,71.4,6.4,0,0
2024-10-06 22:59:50,55.4,26.9,91.2,9.1,0,0
2024-10-06 23:00:50,59.9,20.5,67.8,6.2,0,0
2024-10-06 23:01:50,62.8,18.3,78.6,5.7,1,0
2024-10-06 23:02:50,63.5,21.2,89.9,8.5,0,0
2024-10-06 23:03:50,46.6,35.7,83.1,7.8,0,0
2024-10-06 23:04:50,79.1,11.8,75.4,7.4,0,0
2024-10-06 23:05:50,53.4,26.2,79.6,6.2,0,0
2024-10-06 23:06:50,44.7,27.1,106.3,11.5,0,0
2024-10-06 23:07:50,54.2,21.7,84.1,8.5,0,0
2024-10-06 23:08:50,62.5,18.6,88.8,8.9,0,0
2024-10-06 23:09:50,43.2,26.9,85.2,8.7,0,0
2024-10-06 23:10:50,60.5,13.9,71.0,7.6,0,0
2024-10-06 23:11:50,67.0,19.3,70.7,6.6,0,0
2024-10-06 23:12:50,45.0,24.1,71.7,7.6,0,0
2024-10-06 23:13:50,53.8,26.4,77.7,8.7,0,0
2024-10-06 23:14:50,42.1,23.1,78.2,9.5,1,0
2024-10-06 23:15:50,41.2,30.5,72.9,6.6,0,0
2024-10-06 23:16:50,73.1,15.6,72.9,5.8,0,0
2024-10-06 23:17:50,75.4,16.2,68.4,6.9,0,0
2024-10-06 23:18:50,47.6,24.1,71.7,8.1,0,0
2024-10-06 23:19:50,29.5,29.1,68.1,7.1,1,0
2024-10-06 23:20:50,42.0,20.3,70.0,7.4,0,0
2024-10-06 23:21:50,50.1,28.8,77.8,6.0,0,0
2024-10-06 23:22:50,47.2,18.6,77.6,7.1,0,0
2024-10-06 23:23:50,25.4,35.9,63.9,4.4,1,0
2024-10-06 23:24:50,41.6,27.3,75.2,8.3,0,0
2024-10-06 23:25:50,54.4,21.5,59.1,5.4,0,0
2024-10-06 23:26:50,56.7,21.2,65.9,6.1,0,0
2024-10-06 23:27:50,32.5,32.3,73.5,7.6,1,0
2024-10-06 23:28:50,70.4,14.6,79.1,9.0,0,0
2024-10-06 23:29:50,60.0,27.9,78.7,7.9,1,0
2024-10-06 23:30:50,72.4,18.9,65.0,5.9,0,0
2024-10-06 23:31:50,30.8,31.3,95.3,10.0,1,0
2024-10-06 23:32:50,49.3,28.6,78.3,7.9,0,0
2024-10-06 23:33:50,52.7,27.8,57.2,6.2,0,0
2024-10-06 23:34:50,60.2,15.4,74.8,7.7,0,0
2024-10-06 23:35:50,63.1,19.7,61.4,4.4,0,0
2024-10-06 23:36:50,44.3,30.5,65.9,5.5,0,0
2024-10-06 23:37:50,35.7,27.6,95.4,7.9,1,0
2024-10-06 23:38:50,35.9,28.5,72.9,8.6,1,0
2024-10-06 23:39:50,49.6,21.9,77.0,8.4,0,0
2024-10-06 23:40:50,50.8,22.6,80.0,7.3,0,0
2024-10-06 23:41:50,50.5,23.8,90.5,7.4,0,0
2024-10-06 23:42:50,56.6,29.9,81.5,7.7,1,0
2024-10-06 23:43:50,64.9,15.6,75.8,6.9,0,0
2024-10-06 23:44:50,50.3,20.0,76.6,7.7,0,0
2024-10-06 23:45:50,36.3,30.8,79.6,6.9,1,0
2024-10-06 23:46:50,64.2,22.0,60.2,8.0,0,0
2024-10-06 23:47:50,54.4,18.1,65.7,7.3,0,0
2024-10-06 23:48:50,53.3,22.7,87.0,8.8,0,0
2024-10-06 23:49:50,71.6,22.3,67.0,8.6,0,0
2024-10-06 23:50:50,45.5,19.6,76.3,6.4,0,0
2024-10-06 23:51:50,75.7,17.5,68.2,7.4,0,0
2024-10-06 23:52:50,61.9,22.0,76.9,8.2,1,0
2024-10-06 23:53:50,68.5,16.5,67.9,6.9,0,0
2024-10-06 23:54:50,24.1,32.7,68.2,6.7,1,0
2024-10-06 23:55:50,43.8,24.6,59.8,7.9,0,0
2024-10-06 23:56:50,57.2,23.7,84.8,9.9,0,0
2024-10-06 23:57:50,70.7,16.6,82.6,9.9,0,0
2024-10-06 23:58:50,42.4,22.0,94.9,9.2,1,0
2024-10-06 23:59:50,46.4,26.7,92.8,8.6,0,0
2024-10-07 00:00:50,42.9,25.0,76.9,6.9,0,0
2024-10-07 00:01:50,47.9,30.1,79.4,9.3,1,0
2024-10-07 00:02:50,40.0,27.5,83.6,8.2,0,0
2024-10-07 00:03:50,51.3,29.0,82.6,6.9,0,0
2024-10-07 00:04:50,15.5,39.1,73.6,7.7,1,0
2024-10-07 00:05:50,38.2,30.7,60.7,6.2,1,0
2024-10-07 00:06:50,30.3,35.8,82.8,8.4,1,0
2024-10-07 00:07:50,76.4,15.8,88.9,7.8,0,0
2024-10-07 00:08:50,51.0,29.7,78.9,6.0,0,0
2024-10-07 00:09:50,39.9,27.8,70.0,7.4,1,0
2024-10-07 00:10:50,58.0,21.1,72.0,7.3,0,0
2024-10-07 00:11:50,57.0,17.8,82.1,9.2,0,0
2024-10-07 00:12:50,36.7,30.2,66.5,5.0,0,0
2024-10-07 00:13:50,49.7,29.1,81.9,8.4,0,0
2024-10-07 00:14:50,70.8,13.3,81.1,8.3,0,0
2024-10-07 00:15:50,55.3,19.8,88.3,8.5,0,0
2024-10-07 00:16:50,66.5,21.8,81.3,9.9,0,0
2024-10-07 00:17:50,53.4,28.7,63.5,7.2,0,0
2024-10-07 00:18:50,60.5,26.2,78.0,7.5,0,0
2024-10-07 00:19:50,37.6,27.2,91.2,10.0,1,0
2024-10-07 00:20:50,45.7,26.7,84.9,7.7,1,0
2024-10-07 00:21:50,73.5,18.1,78.6,5.8,0,0
2024-10-07 00:22:50,38.2,27.5,50.8,2.8,0,0
2024-10-07 00:23:50,70.9,20.5,76.4,6.6,0,0
2024-10-07 00:24:50,44.1,23.9,67.1,6.7,0,0
2024-10-07 00:25:50,48.0,30.3,64.7,8.5,1,0
2024-10-07 00:26:50,60.1,21.0,69.8,9.1,1,0
2024-10-07 00:27:50,41.4,32.1,96.2,9.6,1,0
2024-10-07 00:28:50,48.3,22.3,67.9,8.4,1,0
2024-10-07 00:29:50,38.2,26.4,68.5,7.2,1,0
2024-10-07 00:30:50,50.1,25.7,72.3,8.0,0,0
2024-10-07 00:31:50,63.2,25.7,76.5,7.7,0,0
2024-10-07 00:32:50,32.0,34.5,76.9,7.4,1,0
2024-10-07 00:33:50,60.6,19.5,89.2,10.0,0,0
2024-10-07 00:34:50,48.3,33.4,76.9,7.4,1,0
2024-10-07 00:35:50,55.0,24.3,70.5,7.6,0,0
2024-10-07 00:36:50,57.2,21.5,81.0,8.0,0,0
2024-10-07 00:37:50,56.7,17.8,57.2,5.3,0,0
2024-10-07 00:38:50,52.3,28.3,63.7,5.1,0,0
2024-10-07 00:39:50,46.6,21.9,75.0,6.7,0,0
2024-10-07 00:40:50,41.4,25.9,99.5,9.0,0,0
2024-10-07 00:41:50,59.8,20.7,97.2,12.6,0,0
2024-10-07 00:42:50,53.6,21.9,92.3,11.1,0,0
2024-10-07 00:43:50,71.8,15.1,70.9,6.0,0,0
2024-10-07 00:44:50,43.5,25.1,75.1,8.2,0,0
2024-10-07 00:45:50,56.1,24.7,69.4,5.9,0,0
2024-10-07 00:46:50,37.8,30.0,76.7,7.2,0,0
2024-10-07 00:47:50,36.2,28.3,86.9,9.8,1,0
2024-10-07 00:48:50,74.7,21.4,65.7,8.0,0,0
2024-10-07 00:49:50,54.8,27.1,62.9,7.3,0,0
2024-10-07 00:50:50,38.8,26.5,83.8,7.7,0,0
2024-10-07 00:51:50,51.8,20.0,72.9,7.8,1,0
2024-10-07 00:52:50,38.7,31.2,48.8,4.9,1,0
2024-10-07 00:53:50,55.1,20.9,79.8,6.5,0,0
2024-10-07 00:54:50,27.6,31.6,55.0,4.9,1,0
2024-10-07 00:55:50,52.2,21.9,65.4,6.3,0,0
2024-10-07 00:56:50,57.1,16.6,56.0,5.4,0,0
2024-10-07 00:57:50,57.6,20.7,80.3,8.6,0,0
2024-10-07 00:58:50,45.1,28.0,97.6,7.2,1,0
2024-10-07 00:59:50,45.0,33.8,88.2,8.2,1,0
2024-10-07 01:00:50,61.7,17.1,69.0,5.2,0,0
2024-10-07 01:01:50,38.4,26.9,74.8,7.7,1,0
2024-10-07 01:02:50,56.3,18.8,59.9,7.9,0,0
2024-10-07 01:03:50,36.1,25.1,70.4,6.2,0,0
2024-10-07 01:04:50,45.7,27.1,76.4,7.7,0,0
2024-10-07 01:05:50,61.3,25.6,72.9,6.4,0,0
2024-10-07 01:06:50,55.8,22.4,75.6,7.2,0,0
2024-10-07 01:07:50,28.0,32.2,84.7,9.6,1,0
2024-10-07 01:08:50,50.2,23.7,76.2,9.1,0,0
2024-10-07 01:09:50,33.8,28.4,81.3,8.2,1,0
2024-10-07 01:10:50,60.0,24.5,70.0,8.9,0,0
2024-10-07 01:11:50,31.1,30.5,60.0,5.9,1,0
2024-10-07 01:12:50,41.0,24.9,79.4,9.8,0,0
2024-10-07 01:13:50,44.5,31.4,60.1,5.9,0,0
2024-10-07 01:14:50,75.0,12.4,81.0,8.5,1,0
2024-10-07 01:15:50,50.7,29.3,55.7,5.9,0,0
2024-10-07 01:16:50,45.4,27.2,74.6,7.8,0,0
2024-10-07 01:17:50,24.3,31.8,63.4,5.2,1,0
2024-10-07 01:18:50,60.0,18.4,83.9,7.0,0,0
2024-10-07 01:19:50,36.0,30.1,78.2,8.5,1,0
2024-10-07 01:20:50,43.2,22.0,87.4,9.2,0,0
2024-10-07 01:21:50,49.1,25.8,75.0,6.7,0,0
2024-10-07 01:22:50,3.5,37.1,82.5,6.8,1,0
2024-10-07 01:23:50,49.7,27.2,70.4,8.1,0,0
2024-10-07 01:24:50,52.8,26.1,62.7,4.3,0,0
2024-10-07 01:25:50,41.5,23.7,70.2,6.0,0,0
2024-10-07 01:26:50,58.7,25.0,80.6,8.6,0,0
2024-10-07 01:27:50,38.6,25.8,82.8,8.4,1,0
2024-10-07 01:28:50,67.8,15.9,78.2,7.7,0,0
2024-10-07 01:29:50,62.8,21.5,73.3,8.0,0,0
2024-10-07 01:30:50,75.2,19.4,77.7,7.2,0,0
2024-10-07 01:31:50,37.2,33.9,51.4,5.8,1,0
2024-10-07 01:32:50,82.4,21.2,71.0,7.4,0,0
2024-10-07 01:33:50,55.0,23.9,77.1,9.9,0,0
2024-10-07 01:34:50,49.4,21.4,88.7,9.8,0,0
2024-10-07 01:35:50,36.4,30.8,80.0,5.9,1,0
2024-10-07 01:36:50,38.8,23.9,47.0,7.4,1,0
2024-10-07 01:37:50,41.3,30.8,74.6,6.1,1,0
2024-10-07 01:38:50,58.6,20.6,78.5,5.7,0,0
2024-10-07 01:39:50,55.7,31.7,62.7,6.0,1,0
2024-10-07 01:40:50,58.1,20.7,90.9,9.2,0,0
2024-10-07 01:41:50,52.8,24.3,81.7,8.4,1,0
2024-10-07 01:42:50,29.5,32.0,81.0,8.1,1,0
2024-10-07 01:43:50,71.5,16.5,67.5,7.2,0,0
2024-10-07 01:44:50,39.9,29.9,57.6,6.9,1,0
2024-10-07 01:45:50,65.6,22.0,63.3,8.4,0,0
2024-10-07 01:46:50,51.9,22.6,64.4,7.1,0,0
2024-10-07 01:47:50,80.9,12.5,68.2,6.6,0,0
2024-10-07 01:48:50,39.7,32.6,86.7,8.8,1,0
2024-10-07 01:49:50,60.6,24.6,80.1,8.0,0,0
2024-10-07 01:50:50,59.3,19.4,64.6,4.3,0,0
2024-10-07 01:51:50,42.9,24.6,71.4,8.4,0,0
2024-10-07 01:52:50,68.8,23.6,77.3,6.3,0,0
2024-10-07 01:53:50,66.8,17.8,67.2,8.3,0,0
2024-10-07 01:54:50,34.0,34.6,81.6,9.1,1,0
2024-10-07 01:55:50,52.3,24.8,81.9,8.6,0,0
2024-10-07 01:56:50,48.5,24.4,90.8,9.6,0,0
2024-10-07 01:57:50,50.6,29.0,78.9,8.2,0,0
2024-10-07 01:58:50,82.6,11.5,63.8,8.1,0,0
2024-10-07 01:59:50,33.0,30.5,64.7,8.4,1,0
2024-10-07 02:00:50,35.1,29.5,82.4,8.8,1,0
2024-10-07 02:01:50,43.5,19.6,68.4,5.8,0,0
2024-10-07 02:02:50,39.4,29.7,80.5,6.8,1,0
2024-10-07 02:03:50,65.4,17.5,69.4,4.9,0,0
2024-10-07 02:04:50,58.9,22.4,92.6,9.5,0,0
2024-10-07 02:05:50,52.6,20.4,69.9,6.8,0,0
2024-10-07 02:06:50,71.4,17.3,74.4,7.5,0,0
2024-10-07 02:07:50,62.0,28.5,69.4,6.7,0,0
2024-10-07 02:08:50,39.9,24.5,95.2,10.3,1,0
2024-10-07 02:09:50,62.5,20.2,93.4,9.5,0,0
2024-10-07 02:10:50,65.6,22.2,70.1,7.0,0,0
2024-10-07 02:11:50,54.3,23.1,69.9,7.2,0,0
2024-10-07 02:12:50,59.5,25.9,66.0,7.2,0,0
2024-10-07 02:13:50,54.1,22.2,73.2,7.7,0,0
2024-10-07 02:14:50,55.0,29.2,73.5,8.2,0,0
2024-10-07 02:15:50,68.2,22.5,53.5,4.8,0,0
2024-10-07 02:16:50,38.5,25.0,82.6,8.4,0,0
2024-10-07 02:17:50,30.7,32.5,83.6,9.4,1,0
2024-10-07 02:18:50,22.4,32.2,79.5,9.4,1,0
2024-10-07 02:19:50,38.4,28.3,80.5,6.6,1,0
2024-10-07 02:20:50,53.8,21.1,74.9,7.7,1,0
2024-10-07 02:21:50,70.4,20.1,63.1,5.2,0,0
2024-10-07 02:22:50,47.6,30.9,75.8,7.0,1,0
2024-10-07 02:23:50,62.9,21.8,66.3,8.2,0,0
2024-10-07 02:24:50,44.7,20.8,70.8,6.4,0,0
2024-10-07 02:25:50,53.5,20.7,70.0,7.8,0,0
2024-10-07 02:26:50,70.3,14.4,69.8,7.6,1,0
2024-10-07 02:27:50,55.2,20.2,74.1,5.3,0,0
2024-10-07 02:28:50,52.9,25.6,80.8,7.2,0,0
2024-10-07 02:29:50,49.6,27.7,89.1,8.2,1,0
2024-10-07 02:30:50,44.8,29.6,86.2,10.8,0,0
2024-10-07 02:31:50,44.0,33.4,54.9,6.2,1,0
2024-10-07 02:32:50,55.6,18.9,69.4,7.3,0,0
2024-10-07 02:33:50,38.6,22.9,63.1,7.0,0,0
2024-10-07 02:34:50,56.4,20.8,69.3,7.5,0,0
2024-10-07 02:35:50,33.5,27.8,84.8,10.0,0,0
2024-10-07 02:36:50,60.0,27.7,75.1,7.7,0,0
2024-10-07 02:37:50,59.3,24.2,78.1,7.9,0,0
2024-10-07 02:38:50,44.2,28.3,83.5,8.0,0,0
2024-10-07 02:39:50,44.8,30.0,75.3,7.8,0,0
2024-10-07 02:40:50,48.1,25.7,60.2,4.5,0,0
2024-10-07 02:41:50,46.3,28.5,62.3,4.7,0,0
2024-10-07 02:42:50,42.7,24.6,72.7,7.6,0,0
2024-10-07 02:43:50,30.3,28.4,63.2,5.9,1,0
2024-10-07 02:44:50,62.6,23.3,57.3,6.1,0,0
2024-10-07 02:45:50,76.1,15.4,79.5,8.2,0,0
2024-10-07 02:46:50,35.0,38.9,90.3,9.1,1,0
2024-10-07 02:47:50,51.8,22.6,84.3,9.0,0,0
2024-10-07 02:48:50,41.6,23.9,67.1,5.8,0,0
2024-10-07 02:49:50,51.1,19.3,75.7,5.5,1,0
2024-10-07 02:50:50,45.1,29.4,78.3,8.0,0,0
2024-10-07 02:51:50,36.5,30.3,75.6,6.0,1,0
2024-10-07 02:52:50,49.4,26.8,67.2,6.2,0,0
2024-10-07 02:53:50,38.3,28.5,84.1,9.9,1,0
2024-10-07 02:54:50,38.1,25.0,86.0,7.8,1,0
2024-10-07 02:55:50,63.5,20.4,72.2,7.9,1,0
2024-10-07 02:56:50,49.3,28.0,72.3,6.6,0,0
2024-10-07 02:57:50,68.4,17.1,57.7,4.2,0,0
2024-10-07 02:58:50,61.1,18.6,85.4,9.5,0,0
2024-10-07 02:59:50,67.0,16.6,77.9,6.8,0,0
2024-10-07 03:00:50,64.9,20.6,69.8,5.3,0,0
2024-10-07 03:01:50,63.3,17.2,63.3,7.4,0,0
2024-10-07 03:02:50,36.6,30.2,78.7,8.7,0,0
2024-10-07 03:03:50,46.4,26.7,86.2,8.7,0,0
2024-10-07 03:04:50,43.3,29.6,73.7,8.8,0,0
2024-10-07 03:05:50,32.5,34.1,82.1,10.3,1,0
2024-10-07 03:06:50,44.5,28.0,80.8,8.3,0,0
2024-10-07 03:07:50,43.1,24.9,83.8,7.1,0,0
2024-10-07 03:08:50,55.6,24.4,69.6,4.6,1,0
2024-10-07 03:09:50,47.0,23.7,82.8,9.2,0,0
2024-10-07 03:10:50,45.2,31.0,63.3,8.0,0,0
2024-10-07 03:11:50,61.8,27.1,51.8,4.9,0,0
2024-10-07 03:12:50,27.1,39.6,73.4,6.9,1,0
2024-10-07 03:13:50,47.5,25.5,87.8,6.8,1,0
2024-10-07 03:14:50,69.3,18.3,77.3,8.2,0,0
2024-10-07 03:15:50,45.7,22.5,81.5,6.8,1,0
2024-10-07 03:16:50,54.4,29.0,81.5,9.2,0,0
2024-10-07 03:17:50,70.6,21.6,73.5,6.7,0,0
2024-10-07 03:18:50,41.2,26.1,80.6,7.2,1,0
2024-10-07 03:19:50,40.1,21.5,75.9,6.2,0,0
2024-10-07 03:20:50,58.8,24.6,74.4,7.3,0,0
2024-10-07 03:21:50,64.5,19.1,66.4,7.7,0,0
2024-10-07 03:22:50,34.2,23.9,66.0,5.7,1,0
2024-10-07 03:23:50,32.4,28.1,85.3,9.1,1,0
2024-10-07 03:24:50,60.3,22.9,68.2,6.6,0,0
2024-10-07 03:25:50,61.6,14.1,56.4,6.8,0,0
2024-10-07 03:26:50,33.3,34.0,65.0,7.1,1,0
2024-10-07 03:27:50,17.9,40.9,78.4,8.9,1,0
2024-10-07 03:28:50,56.6,24.8,72.6,6.4,0,0
2024-10-07 03:29:50,64.2,23.4,87.1,8.9,0,0
2024-10-07 03:30:50,47.2,23.8,63.5,6.3,0,0
2024-10-07 03:31:50,51.0,23.0,58.8,5.6,0,0
2024-10-07 03:32:50,52.3,21.7,74.6,6.2,0,0
2024-10-07 03:33:50,51.0,21.1,73.1,6.1,0,0
2024-10-07 03:34:50,35.2,32.2,71.3,7.0,1,0
2024-10-07 03:35:50,45.2,25.1,78.9,7.9,0,0
2024-10-07 03:36:50,52.0,29.5,88.5,9.9,0,0
2024-10-07 03:37:50,36.8,34.5,98.1,9.5,1,0
2024-10-07 03:38:50,34.6,27.3,51.1,4.0,1,0
2024-10-07 03:39:50,81.2,16.2,68.0,8.5,0,0
2024-10-07 03:40:50,24.5,30.7,71.3,7.9,0,0
2024-10-07 03:41:50,46.5,25.0,63.7,7.4,0,0
2024-10-07 03:42:50,22.7,33.8,86.4,8.0,1,0
2024-10-07 03:43:50,62.4,27.7,70.1,8.1,0,0
2024-10-07 03:44:50,60.5,25.3,65.4,7.0,0,0
2024-10-07 03:45:50,50.8,29.6,80.7,8.3,0,0
2024-10-07 03:46:50,41.8,21.2,59.6,6.6,0,0
2024-10-07 03:47:50,49.0,23.7,93.7,11.6,0,0
2024-10-07 03:48:50,47.6,27.1,57.5,5.4,0,0
2024-10-07 03:49:50,53.0,22.1,62.6,5.7,0,0
2024-10-07 03:50:50,43.1,24.4,77.5,8.4,0,0
2024-10-07 03:51:50,54.1,26.2,60.8,6.1,1,0
2024-10-07 03:52:50,58.8,17.7,81.9,9.8,0,0
2024-10-07 03:53:50,57.8,23.3,40.8,4.0,0,0
2024-10-07 03:54:50,42.3,25.4,64.9,5.1,0,0
2024-10-07 03:55:50,59.3,27.0,75.4,6.7,0,0
2024-10-07 03:56:50,5.3,38.9,74.5,8.0,1,0
2024-10-07 03:57:50,65.5,21.1,102.3,10.2,0,0
2024-10-07 03:58:50,47.3,20.3,86.7,9.0,0,0
2024-10-07 03:59:50,45.4,24.3,73.7,9.2,0,0
2024-10-07 04:00:50,21.0,39.2,75.4,7.2,1,0
2024-10-07 04:01:50,63.6,18.7,81.5,7.0,0,0
2024-10-07 04:02:50,38.3,26.5,66.0,6.1,1,0
2024-10-07 04:03:50,61.8,24.3,86.6,8.8,0,0
2024-10-07 04:04:50,66.9,20.3,67.4,6.5,0,0
2024-10-07 04:05:50,59.8,16.6,82.7,7.8,0,0
2024-10-07 04:06:50,33.6,25.6,65.6,8.1,1,0
2024-10-07 04:07:50,44.8,31.5,91.9,8.8,1,0
2024-10-07 04:08:50,72.4,14.7,66.4,7.1,0,0
2024-10-07 04:09:50,46.6,22.7,87.2,7.7,0,0
2024-10-07 04:10:50,58.5,24.9,68.9,7.3,0,0
2024-10-07 04:11:50,26.3,29.8,75.5,8.2,0,0
2024-10-07 04:12:50,30.9,27.4,62.0,5.3,1,0
2024-10-07 04:13:50,40.3,27.7,80.4,7.5,1,0
2024-10-07 04:14:50,73.9,8.4,55.2,4.8,0,0
2024-10-07 04:15:50,39.9,27.3,62.3,6.2,1,0
2024-10-07 04:16:50,62.3,19.8,58.0,6.1,0,0
2024-10-07 04:17:50,28.0,35.5,59.8,4.7,1,0
2024-10-07 04:18:50,61.6,26.2,71.2,5.9,0,0
2024-10-07 04:19:50,31.1,28.5,71.9,7.0,0,0
2024-10-07 04:20:50,50.6,23.9,81.6,10.5,0,0
2024-10-07 04:21:50,50.7,28.9,61.7,6.1,0,0
2024-10-07 04:22:50,47.0,25.2,84.9,8.5,0,0
2024-10-07 04:23:50,47.4,19.9,92.5,9.3,0,0
2024-10-07 04:24:50,62.1,18.3,103.9,11.4,0,0
2024-10-07 04:25:50,48.2,21.2,64.4,7.4,0,0
2024-10-07 04:26:50,65.6,17.2,83.8,7.0,0,0
2024-10-07 04:27:50,66.4,25.6,83.8,8.2,0,0
2024-10-07 04:28:50,42.9,30.0,87.3,9.3,0,0
2024-10-07 04:29:50,48.8,31.9,79.5,7.9,1,0
2024-10-07 04:30:50,58.0,19.8,83.9,7.8,0,0
2024-10-07 04:31:50,54.9,23.9,81.7,7.0,0,0
2024-10-07 04:32:50,48.7,23.9,91.6,11.7,0,0
2024-10-07 04:33:50,40.1,31.1,59.7,5.8,1,0
2024-10-07 04:34:50,48.5,26.8,78.4,7.7,0,0
2024-10-07 04:35:50,68.6,16.1,77.8,7.2,0,0
2024-10-07 04:36:50,64.1,21.0,89.9,10.1,0,0
2024-10-07 04:37:50,50.3,26.7,79.9,7.2,1,0
2024-10-07 04:38:50,28.2,26.5,77.9,8.4,1,0
2024-10-07 04:39:50,66.0,19.3,67.2,8.0,0,0
2024-10-07 04:40:50,36.5,26.1,82.8,9.6,0,0
2024-10-07 04:41:50,40.0,29.4,62.6,6.6,0,0
2024-10-07 04:42:50,51.9,23.3,53.3,4.2,0,0
2024-10-07 04:43:50,63.5,21.4,69.9,7.5,0,0
2024-10-07 04:44:50,55.7,26.3,69.7,7.2,0,0
2024-10-07 04:45:50,51.6,25.4,67.8,4.7,0,0
2024-10-07 04:46:50,32.8,28.6,66.4,6.2,1,0
2024-10-07 04:47:50,68.1,22.6,70.9,6.7,0,0
2024-10-07 04:48:50,61.2,22.0,68.7,6.8,0,0
2024-10-07 04:49:50,48.3,24.2,85.8,9.6,0,0
2024-10-07 04:50:50,60.8,23.3,59.2,4.5,0,0
2024-10-07 04:51:50,55.5,26.2,62.5,5.8,0,0
2024-10-07 04:52:50,75.0,20.3,98.5,8.5,0,0
2024-10-07 04:53:50,32.8,27.5,76.2,7.9,1,0
2024-10-07 04:54:50,57.9,22.1,78.9,10.1,0,0
2024-10-07 04:55:50,50.4,25.9,68.0,6.8,0,0
2024-10-07 04:56:50,75.3,18.8,73.4,7.3,0,0
2024-10-07 04:57:50,30.9,27.9,84.8,9.4,1,0
2024-10-07 04:58:50,67.2,27.7,69.0,7.0,0,0
2024-10-07 04:59:50,40.9,28.3,68.6,6.3,0,0
2024-10-07 05:00:50,27.6,29.7,80.9,7.3,1,0
2024-10-07 05:01:50,77.6,16.1,59.9,5.6,0,0
2024-10-07 05:02:50,41.0,29.0,63.4,8.0,0,0
2024-10-07 05:03:50,47.1,25.5,81.6,8.8,1,0
2024-10-07 05:04:50,31.3,27.9,68.3,6.5,1,0
2024-10-07 05:05:50,56.2,27.9,78.3,8.5,0,0
2024-10-07 05:06:50,72.1,15.2,55.6,5.8,0,0
2024-10-07 05:07:50,34.4,36.1,92.0,10.1,1,0
2024-10-07 05:08:50,34.7,33.1,80.4,9.7,1,0
2024-10-07 05:09:50,43.8,24.3,68.8,7.6,0,0
2024-10-07 05:10:50,61.5,22.2,59.6,7.1,0,0
2024-10-07 05:11:50,66.3,27.3,65.9,6.1,0,0
2024-10-07 05:12:50,69.6,23.1,109.5,11.4,0,0
2024-10-07 05:13:50,52.9,20.7,82.1,7.0,0,0
2024-10-07 05:14:50,67.8,15.6,85.8,8.5,0,0
2024-10-07 05:15:50,42.1,27.4,91.0,9.1,0,0
2024-10-07 05:16:50,56.2,26.0,83.1,8.3,0,0
2024-10-07 05:17:50,54.1,22.2,80.5,9.8,0,0
2024-10-07 05:18:50,54.9,27.8,69.7,5.1,0,0
2024-10-07 05:19:50,30.7,27.7,64.8,5.9,1,0
2024-10-07 05:20:50,81.1,8.2,80.2,8.8,1,0
2024-10-07 05:21:50,39.4,28.0,98.7,10.0,0,0
2024-10-07 05:22:50,62.1,21.3,87.5,9.1,1,0
2024-10-07 05:23:50,66.1,17.3,80.7,8.0,0,0
2024-10-07 05:24:50,60.8,24.5,74.4,7.6,0,0
2024-10-07 05:25:50,55.2,26.5,67.3,4.4,0,0
2024-10-07 05:26:50,51.8,28.3,65.5,6.6,1,0
2024-10-07 05:27:50,55.2,23.4,70.6,7.9,1,0
2024-10-07 05:28:50,34.6,28.6,78.9,7.0,1,0
2024-10-07 05:29:50,58.8,18.2,87.6,7.8,0,0
2024-10-07 05:30:50,70.8,22.4,58.5,6.5,0,0
2024-10-07 05:31:50,31.9,28.0,70.7,7.1,1,0
2024-10-07 05:32:50,45.6,25.0,76.9,9.7,0,0
2024-10-07 05:33:50,55.0,27.0,69.6,6.2,0,0
2024-10-07 05:34:50,59.4,23.5,64.9,7.9,0,0
2024-10-07 05:35:50,58.2,18.3,77.2,8.2,0,0
2024-10-07 05:36:50,42.2,24.7,70.7,7.4,0,0
2024-10-07 05:37:50,48.4,28.8,77.1,8.1,0,0
2024-10-07 05:38:50,29.0,30.3,86.5,9.4,1,0
2024-10-07 05:39:50,51.5,18.1,118.5,14.3,1,0
2024-10-07 05:40:50,27.7,31.1,82.2,8.7,0,0
2024-10-07 05:41:50,43.4,30.4,55.2,6.3,1,0
2024-10-07 05:42:50,48.5,29.0,70.7,6.2,0,0
2024-10-07 05:43:50,41.8,33.3,81.6,7.4,1,0
2024-10-07 05:44:50,25.5,33.9,83.1,8.9,1,0
2024-10-07 05:45:50,43.8,28.9,53.3,3.6,0,0
2024-10-07 05:46:50,61.6,21.9,82.6,10.3,0,0
2024-10-07 05:47:50,39.7,22.3,63.8,6.6,1,0
2024-10-07 05:48:50,51.6,31.5,81.3,8.4,0,0
2024-10-07 05:49:50,46.8,25.6,88.2,7.9,0,0
2024-10-07 05:50:50,64.4,20.1,68.9,7.0,0,0
2024-10-07 05:51:50,61.7,26.2,74.9,7.0,0,0
2024-10-07 05:52:50,58.0,21.8,93.2,9.5,0,0
2024-10-07 05:53:50,69.5,20.8,72.0,7.5,0,0
2024-10-07 05:54:50,61.0,22.5,68.0,7.7,0,0
2024-10-07 05:55:50,69.4,19.3,69.7,8.8,0,0
2024-10-07 05:56:50,58.3,23.5,77.8,7.9,0,0
2024-10-07 05:57:50,35.4,27.9,68.3,8.8,1,0
2024-10-07 05:58:50,51.1,24.1,62.3,5.7,1,0
2024-10-07 05:59:50,46.5,23.2,89.1,9.1,0,0
2024-10-07 06:00:50,62.0,19.9,50.8,6.0,1,0
2024-10-07 06:01:50,31.8,35.0,76.1,6.1,1,0
2024-10-07 06:02:50,45.7,24.4,87.7,8.8,0,0
2024-10-07 06:03:50,59.4,19.7,74.8,7.0,0,0
2024-10-07 06:04:50,38.4,30.4,71.0,6.3,0,0
2024-10-07 06:05:50,71.5,14.7,47.6,3.8,0,0
2024-10-07 06:06:50,41.7,30.1,80.7,7.2,0,0
2024-10-07 06:07:50,56.8,31.0,69.8,6.4,0,0
2024-10-07 06:08:50,65.3,20.9,68.6,7.2,0,0
2024-10-07 06:09:50,25.9,30.4,75.9,9.2,1,0
2024-10-07 06:10:50,53.5,21.2,75.3,7.5,0,0
2024-10-07 06:11:50,45.3,29.6,65.6,5.3,0,0
2024-10-07 06:12:50,64.3,19.7,88.5,9.2,0,0
2024-10-07 06:13:50,32.1,29.8,88.7,8.3,1,0
2024-10-07 06:14:50,38.2,26.5,74.1,7.6,0,0
2024-10-07 06:15:50,57.3,26.2,76.5,7.9,0,0
2024-10-07 06:16:50,42.6,24.4,96.3,10.8,0,0
2024-10-07 06:17:50,56.9,23.8,62.2,6.5,0,0
2024-10-07 06:18:50,66.7,24.7,68.1,7.8,0,0
2024-10-07 06:19:50,62.3,19.8,74.6,7.5,0,0
2024-10-07 06:20:50,49.5,32.0,49.4,4.7,0,0
2024-10-07 06:21:50,68.1,18.6,78.4,9.5,0,0
2024-10-07 06:22:50,61.8,22.4,90.0,8.9,0,0
2024-10-07 06:23:50,53.2,27.0,86.1,8.7,0,0
2024-10-07 06:24:50,63.1,15.0,62.9,6.7,1,0
2024-10-07 06:25:50,44.7,24.9,86.4,9.4,0,0
2024-10-07 06:26:50,57.8,21.5,90.0,9.3,0,0
2024-10-07 06:27:50,46.6,28.9,61.3,7.0,0,0
2024-10-07 06:28:50,27.1,31.9,66.6,7.1,1,0
2024-10-07 06:29:50,34.1,25.0,90.4,8.9,0,0
2024-10-07 06:30:50,59.7,18.4,75.5,6.3,0,0
2024-10-07 06:31:50,56.0,20.0,79.7,7.9,0,0
2024-10-07 06:32:50,59.5,19.6,74.4,7.4,0,0
2024-10-07 06:33:50,64.3,17.4,75.9,7.2,0,0
2024-10-07 06:34:50,71.6,20.2,79.8,7.9,0,0
2024-10-07 06:35:50,43.5,28.1,66.0,6.4,0,0
2024-10-07 06:36:50,28.9,32.6,89.4,9.5,1,0
2024-10-07 06:37:50,36.9,36.8,86.9,9.6,1,0
2024-10-07 06:38:50,54.7,19.7,73.4,4.9,0,0
2024-10-07 06:39:50,48.8,28.8,89.2,11.2,0,0
2024-10-07 06:40:50,59.0,21.8,68.5,6.4,0,0
2024-10-07 06:41:50,18.8,35.8,94.4,10.6,1,0
2024-10-07 06:42:50,34.7,30.7,68.2,7.1,1,0
2024-10-07 06:43:50,72.8,17.3,78.7,9.2,0,0
2024-10-07 06:44:50,65.7,23.2,65.4,9.4,0,0
2024-10-07 06:45:50,68.5,22.1,71.3,9.0,0,0
2024-10-07 06:46:50,43.8,22.3,71.0,5.0,0,0
2024-10-07 06:47:50,35.1,25.6,65.4,6.5,0,0
2024-10-07 06:48:50,57.8,24.1,87.9,8.0,0,0
2024-10-07 06:49:50,25.2,28.9,66.6,8.1,1,0
2024-10-07 06:50:50,29.5,28.1,69.6,6.2,0,0
2024-10-07 06:51:50,38.2,30.2,84.3,10.2,1,0
2024-10-07 06:52:50,51.1,35.2,85.5,11.0,1,0
2024-10-07 06:53:50,70.6,15.9,68.7,7.0,0,0
2024-10-07 06:54:50,62.7,21.5,66.5,5.7,0,0
2024-10-07 06:55:50,46.0,20.1,84.5,9.7,0,0
2024-10-07 06:56:50,47.3,21.2,57.6,5.9,0,0
2024-10-07 06:57:50,38.6,23.6,80.2,8.1,1,0
2024-10-07 06:58:50,62.4,18.9,88.3,11.7,0,0
2024-10-07 06:59:50,67.7,17.3,81.9,8.0,0,0
2024-10-07 07:00:50,52.5,22.9,72.4,8.4,0,0
2024-10-07 07:01:50,37.0,29.0,82.2,8.7,0,0
2024-10-07 07:02:50,45.0,34.7,85.8,9.5,1,0
2024-10-07 07:03:50,58.0,29.0,87.7,9.6,0,0
2024-10-07 07:04:50,35.4,34.9,81.1,8.5,0,0
2024-10-07 07:05:50,45.6,22.5,90.5,7.7,0,0
2024-10-07 07:06:50,49.6,28.8,75.6,7.3,0,0
2024-10-07 07:07:50,65.0,20.9,71.2,7.5,0,0
2024-10-07 07:08:50,42.1,30.8,95.9,8.8,1,0
2024-10-07 07:09:50,37.1,26.9,57.8,7.7,1,0
2024-10-07 07:10:50,40.4,26.5,65.6,7.4,0,0
2024-10-07 07:11:50,60.2,22.8,89.6,9.2,0,0
2024-10-07 07:12:50,40.0,31.5,50.8,4.4,0,0
2024-10-07 07:13:50,55.3,21.0,81.7,8.8,0,0
2024-10-07 07:14:50,49.5,27.1,71.1,6.8,0,0
2024-10-07 07:15:50,64.6,18.4,64.8,6.9,1,0
2024-10-07 07:16:50,39.6,29.2,70.2,6.6,1,0
2024-10-07 07:17:50,50.8,31.8,85.1,7.3,1,0
2024-10-07 07:18:50,35.3,27.8,64.8,4.9,0,0
2024-10-07 07:19:50,20.1,27.0,78.7,6.4,0,0
2024-10-07 07:20:50,50.1,33.4,67.6,5.2,1,0
2024-10-07 07:21:50,50.2,27.3,67.1,6.8,0,0
2024-10-07 07:22:50,44.7,31.5,68.4,6.6,1,0
2024-10-07 07:23:50,40.4,22.7,73.0,8.2,0,0
2024-10-07 07:24:50,56.8,22.9,89.9,9.8,0,0
2024-10-07 07:25:50,38.9,27.0,97.8,9.1,1,0
2024-10-07 07:26:50,24.9,32.4,90.6,8.4,1,0
2024-10-07 07:27:50,35.9,23.9,78.8,9.5,1,0
2024-10-07 07:28:50,49.6,21.7,80.8,6.4,0,0
2024-10-07 07:29:50,52.5,28.3,74.0,7.1,1,0
2024-10-07 07:30:50,42.5,32.1,89.7,8.0,0,0
2024-10-07 07:31:50,59.5,28.6,102.3,11.4,0,0
2024-10-07 07:32:50,52.4,24.6,86.5,8.2,0,0
2024-10-07 07:33:50,40.6,29.1,70.9,7.2,0,0
2024-10-07 07:34:50,57.1,26.4,72.4,5.0,0,0
2024-10-07 07:35:50,36.2,26.8,79.0,8.9,1,0
2024-10-07 07:36:50,36.3,25.0,84.9,8.8,1,0
2024-10-07 07:37:50,63.3,17.6,76.0,6.4,0,0
2024-10-07 07:38:50,65.7,25.4,60.2,7.4,1,0
2024-10-07 07:39:50,54.6,20.1,77.6,6.4,0,0
2024-10-07 07:40:50,60.2,26.2,53.7,5.3,0,0
2024-10-07 07:41:50,52.1,19.6,80.3,8.5,1,0
2024-10-07 07:42:50,55.2,27.4,70.4,6.9,0,0
2024-10-07 07:43:50,78.1,13.4,59.6,5.3,0,0
2024-10-07 07:44:50,43.2,23.8,67.3,8.0,0,0
2024-10-07 07:45:50,64.5,19.9,78.8,8.7,0,0
2024-10-07 07:46:50,40.2,27.5,56.6,6.0,0,0
2024-10-07 07:47:50,51.7,25.3,66.9,7.7,0,0
2024-10-07 07:48:50,33.1,33.2,78.4,6.0,1,0
2024-10-07 07:49:50,54.4,29.2,80.1,9.3,1,0
2024-10-07 07:50:50,43.1,23.8,78.1,8.1,0,0
2024-10-07 07:51:50,63.7,26.8,76.6,9.2,0,0
2024-10-07 07:52:50,49.6,26.9,81.2,6.8,0,0
2024-10-07 07:53:50,22.9,30.8,53.9,5.3,1,0
2024-10-07 07:54:50,56.9,17.1,77.8,8.9,0,0
2024-10-07 07:55:50,41.9,27.9,77.2,6.6,0,0
2024-10-07 07:56:50,51.4,36.2,88.6,8.8,1,0
2024-10-07 07:57:50,35.4,24.2,64.0,5.5,0,0
2024-10-07 07:58:50,38.2,26.5,68.4,8.6,1,0
2024-10-07 07:59:50,50.1,27.5,81.3,9.3,0,0
2024-10-07 08:00:50,61.5,21.7,79.0,7.2,0,0
2024-10-07 08:01:50,70.8,17.3,81.0,8.4,0,0
2024-10-07 08:02:50,51.6,27.5,89.9,8.9,0,0
2024-10-07 08:03:50,50.2,31.2,60.1,4.8,1,0
2024-10-07 08:04:50,33.5,29.3,77.2,7.1,1,0
2024-10-07 08:05:50,21.6,37.6,76.8,9.3,1,0
2024-10-07 08:06:50,60.6,20.8,81.8,9.4,1,0
2024-10-07 08:07:50,82.4,17.6,73.4,8.5,0,0
2024-10-07 08:08:50,27.9,33.6,70.9,4.8,1,0
2024-10-07 08:09:50,74.2,19.0,69.8,8.8,0,0
2024-10-07 08:10:50,70.9,23.0,80.0,8.6,0,0
2024-10-07 08:11:50,29.0,34.6,78.6,8.2,1,0
2024-10-07 08:12:50,56.9,27.4,61.3,4.7,1,0
2024-10-07 08:13:50,53.6,24.3,56.7,4.0,0,0
2024-10-07 08:14:50,70.5,22.5,74.8,6.3,0,0
2024-10-07 08:15:50,61.9,23.3,76.0,7.2,0,0
2024-10-07 08:16:50,59.0,27.4,87.2,6.4,0,0
2024-10-07 08:17:50,24.4,32.0,80.2,6.5,1,0
2024-10-07 08:18:50,30.7,31.7,72.9,7.1,1,0
2024-10-07 08:19:50,58.1,26.1,83.4,9.1,0,0
2024-10-07 08:20:50,50.9,31.8,57.7,5.0,0,0
2024-10-07 08:21:50,38.8,26.1,86.6,6.6,1,0
2024-10-07 08:22:50,35.1,27.6,54.8,5.0,0,0
2024-10-07 08:23:50,73.3,15.0,67.6,8.6,0,0
2024-10-07 08:24:50,39.8,34.5,85.5,7.3,1,0
2024-10-07 08:25:50,67.7,23.9,74.1,7.8,0,0
2024-10-07 08:26:50,61.6,20.3,52.3,7.7,0,0
2024-10-07 08:27:50,63.4,21.8,84.0,6.2,1,0
2024-10-07 08:28:50,70.2,16.2,62.0,6.5,0,0
2024-10-07 08:29:50,57.1,27.6,100.0,10.1,0,0
2024-10-07 08:30:50,47.4,31.3,99.3,10.8,1,0
2024-10-07 08:31:50,60.9,29.1,71.0,5.9,0,0
2024-10-07 08:32:50,60.8,18.4,97.2,10.2,0,0
2024-10-07 08:33:50,44.7,33.1,80.7,8.8,1,0
2024-10-07 08:34:50,25.6,31.6,51.1,6.1,1,0
2024-10-07 08:35:50,54.3,27.0,65.3,6.6,0,0
2024-10-07 08:36:50,40.0,28.5,72.7,7.3,0,0
2024-10-07 08:37:50,43.2,21.3,82.5,9.8,0,0
2024-10-07 08:38:50,61.8,18.7,68.0,5.9,1,0
2024-10-07 08:39:50,53.3,23.7,80.2,7.7,1,0
2024-10-07 08:40:50,65.6,24.6,69.7,5.0,0,0
2024-10-07 08:41:50,78.6,11.0,80.4,8.1,0,0
2024-10-07 08:42:50,36.4,28.2,81.7,7.2,1,0
2024-10-07 08:43:50,54.5,28.2,80.3,9.8,0,0
2024-10-07 08:44:50,64.5,22.6,69.5,6.9,0,0
2024-10-07 08:45:50,56.9,22.7,68.6,6.6,1,0
2024-10-07 08:46:50,62.0,18.8,73.8,7.7,0,0
2024-10-07 08:47:50,73.7,20.8,80.4,8.7,0,0
2024-10-07 08:48:50,47.7,24.2,91.8,9.7,0,0
2024-10-07 08:49:50,79.7,13.3,66.7,7.4,0,0
2024-10-07 08:50:50,52.2,22.6,84.2,7.5,0,0
2024-10-07 08:51:50,43.6,25.8,73.8,8.1,1,0
2024-10-07 08:52:50,64.7,25.8,98.4,11.6,0,0
2024-10-07 08:53:50,46.5,33.6,79.6,8.8,0,0
2024-10-07 08:54:50,57.3,25.5,60.1,5.6,0,0
2024-10-07 08:55:50,60.6,25.4,65.2,5.7,0,0
2024-10-07 08:56:50,76.4,11.4,82.2,9.7,1,0
2024-10-07 08:57:50,68.7,15.5,81.9,7.5,0,0
2024-10-07 08:58:50,39.0,27.0,91.5,10.5,1,0
2024-10-07 08:59:50,50.0,30.6,56.8,5.3,1,0
2024-10-07 09:00:50,29.7,33.6,84.2,7.9,1,0
2024-10-07 09:01:50,61.7,17.4,100.1,9.4,0,0
2024-10-07 09:02:50,59.1,22.9,88.2,8.8,0,0
2024-10-07 09:03:50,55.9,26.6,76.8,8.1,0,0
2024-10-07 09:04:50,35.3,28.3,65.7,8.1,0,0
2024-10-07 09:05:50,55.2,24.1,79.3,8.1,0,0
2024-10-07 09:06:50,41.2,28.2,79.5,9.9,0,0
2024-10-07 09:07:50,54.4,18.8,65.2,5.6,0,0
2024-10-07 09:08:50,55.4,22.9,62.6,5.4,0,0
2024-10-07 09:09:50,46.2,25.5,69.2,6.3,0,0
2024-10-07 09:10:50,69.2,12.9,95.1,10.0,0,0
2024-10-07 09:11:50,54.8,26.1,80.1,8.1,0,0
2024-10-07 09:12:50,68.5,20.3,72.0,6.3,0,0
2024-10-07 09:13:50,46.2,28.5,67.8,7.3,0,0
2024-10-07 09:14:50,48.5,24.5,76.3,6.9,0,0
2024-10-07 09:15:50,59.3,27.8,81.9,9.4,0,0
2024-10-07 09:16:50,46.8,29.4,81.4,8.3,0,0
2024-10-07 09:17:50,55.6,25.8,56.1,5.1,0,0
2024-10-07 09:18:50,49.6,23.8,84.2,9.8,0,0
2024-10-07 09:19:50,61.6,21.2,55.3,6.2,0,0
2024-10-07 09:20:50,26.9,32.5,77.6,7.9,0,0
2024-10-07 09:21:50,36.4,28.6,73.9,7.8,1,0
2024-10-07 09:22:50,20.9,32.7,77.0,7.2,1,0
2024-10-07 09:23:50,57.7,23.8,87.2,8.7,0,0
2024-10-07 09:24:50,65.4,17.2,94.8,7.8,0,0
2024-10-07 09:25:50,67.5,21.2,50.9,5.6,0,0
2024-10-07 09:26:50,37.3,29.0,83.5,8.3,1,0
2024-10-07 09:27:50,56.1,19.0,86.7,8.9,0,0
2024-10-07 09:28:50,50.1,28.1,74.2,7.1,0,0
2024-10-07 09:29:50,52.8,23.5,79.6,7.0,0,0
2024-10-07 09:30:50,57.6,22.5,79.3,8.7,0,0
2024-10-07 09:31:50,42.7,29.8,77.7,9.3,0,0
2024-10-07 09:32:50,36.0,27.9,59.5,7.2,0,0
2024-10-07 09:33:50,52.8,23.8,60.5,7.8,0,0
2024-10-07 09:34:50,56.3,25.5,65.3,6.8,0,0
2024-10-07 09:35:50,68.6,14.8,80.4,8.5,0,0
2024-10-07 09:36:50,45.2,27.7,65.6,4.9,0,0
2024-10-07 09:37:50,56.1,24.8,76.6,7.0,0,0
2024-10-07 09:38:50,45.1,25.2,58.4,6.1,0,0
2024-10-07 09:39:50,50.5,28.8,79.8,6.8,0,0
2024-10-07 09:40:50,43.2,29.1,75.1,8.6,0,0
2024-10-07 09:41:50,53.1,23.6,59.7,4.8,0,0
2024-10-07 09:42:50,58.7,20.6,58.1,7.0,0,0
2024-10-07 09:43:50,58.7,22.5,70.7,5.4,0,0
2024-10-07 09:44:50,58.3,27.3,78.4,8.2,0,0
2024-10-07 09:45:50,76.8,15.8,83.4,8.3,0,0
2024-10-07 09:46:50,35.9,31.9,76.6,7.9,0,0
2024-10-07 09:47:50,62.9,19.1,65.2,7.0,1,0
2024-10-07 09:48:50,62.0,19.5,80.7,7.8,0,0
2024-10-07 09:49:50,37.8,31.2,67.1,6.8,1,0
2024-10-07 09:50:50,62.8,21.2,99.7,10.2,0,0
2024-10-07 09:51:50,54.5,21.7,81.2,8.2,1,0
2024-10-07 09:52:50,45.7,29.5,70.2,8.4,0,0
2024-10-07 09:53:50,71.5,14.2,74.4,6.7,0,0
2024-10-07 09:54:50,36.6,23.5,71.5,7.9,0,0
2024-10-07 09:55:50,54.8,22.9,111.3,9.7,0,0
2024-10-07 09:56:50,37.4,30.1,81.9,8.8,1,0
2024-10-07 09:57:50,69.8,16.6,69.6,7.3,0,0
2024-10-07 09:58:50,36.2,25.5,88.2,10.4,0,0
2024-10-07 09:59:50,59.9,18.4,65.5,7.0,0,0
2024-10-07 10:00:50,63.1,17.5,64.3,6.1,0,0
2024-10-07 10:01:50,68.0,21.9,70.3,7.8,0,0
2024-10-07 10:02:50,37.3,25.6,81.0,7.8,1,0
2024-10-07 10:03:50,38.8,25.5,61.5,5.9,1,0
2024-10-07 10:04:50,63.0,28.8,74.6,7.0,1,0
2024-10-07 10:05:50,25.1,28.2,77.4,5.3,1,0
2024-10-07 10:06:50,24.1,29.5,66.4,5.6,1,0
2024-10-07 10:07:50,45.8,30.1,77.7,7.6,1,0
2024-10-07 10:08:50,62.7,17.4,81.5,8.3,0,0
2024-10-07 10:09:50,57.2,24.5,74.7,9.1,0,0
2024-10-07 10:10:50,45.1,22.8,89.9,7.9,0,0
2024-10-07 10:11:50,61.1,25.6,71.2,5.9,0,0
2024-10-07 10:12:50,52.9,31.4,80.6,9.9,1,0
2024-10-07 10:13:50,48.0,32.7,81.7,8.6,0,0
2024-10-07 10:14:50,42.0,28.5,81.4,8.2,0,0
2024-10-07 10:15:50,53.9,29.3,83.6,7.6,0,0
2024-10-07 10:16:50,53.0,31.0,96.5,9.4,1,0
2024-10-07 10:17:50,48.4,27.0,72.6,8.8,0,0
2024-10-07 10:18:50,49.0,28.4,61.0,8.1,0,0
2024-10-07 10:19:50,50.6,19.3,65.9,7.9,0,0
2024-10-07 10:20:50,40.4,33.0,64.7,6.2,0,0
2024-10-07 10:21:50,35.9,29.2,73.9,9.5,1,0
2024-10-07 10:22:50,50.3,38.0,59.0,6.6,1,0
2024-10-07 10:23:50,43.4,28.3,67.1,6.4,0,0
2024-10-07 10:24:50,56.7,22.9,68.0,6.0,0,0
2024-10-07 10:25:50,58.2,21.1,89.4,9.9,0,0
2024-10-07 10:26:50,48.8,24.7,65.7,7.3,0,0
2024-10-07 10:27:50,57.2,17.4,50.6,4.5,0,0
2024-10-07 10:28:50,41.7,24.3,85.4,9.2,0,0
2024-10-07 10:29:50,54.3,27.4,64.2,7.0,0,0
2024-10-07 10:30:50,27.4,35.4,60.5,6.2,0,0
2024-10-07 10:31:50,73.6,17.8,92.7,9.5,0,0
2024-10-07 10:32:50,49.8,21.4,65.1,8.2,0,0
2024-10-07 10:33:50,49.4,30.7,65.3,6.3,0,0
2024-10-07 10:34:50,36.7,33.2,72.2,7.6,1,0
2024-10-07 10:35:50,58.6,26.4,54.7,5.5,0,0
2024-10-07 10:36:50,52.6,17.1,85.4,9.3,0,0
2024-10-07 10:37:50,54.1,24.8,94.2,10.1,0,0
2024-10-07 10:38:50,61.1,26.9,85.5,7.5,0,0
2024-10-07 10:39:50,71.0,19.9,79.0,9.0,0,0
2024-10-07 10:40:50,50.4,15.0,86.5,9.9,0,0
2024-10-07 10:41:50,78.5,11.4,79.1,7.2,0,0
2024-10-07 10:42:50,30.4,29.1,74.7,5.7,1,0
2024-10-07 10:43:50,15.6,33.4,57.4,8.3,1,0
2024-10-07 10:44:50,46.2,28.9,54.6,7.0,1,0
2024-10-07 10:45:50,41.2,26.5,62.7,6.9,0,0
2024-10-07 10:46:50,23.3,27.6,76.1,8.4,0,0
2024-10-07 10:47:50,55.1,26.5,74.8,7.2,0,0
2024-10-07 10:48:50,32.3,27.0,92.7,9.2,1,0
2024-10-07 10:49:50,56.0,31.2,72.3,7.3,1,0
2024-10-07 10:50:50,47.0,23.2,56.7,5.7,1,0
2024-10-07 10:51:50,35.0,25.5,75.4,7.5,1,0
2024-10-07 10:52:50,37.9,24.8,71.8,7.5,0,0
2024-10-07 10:53:50,74.0,11.3,85.6,9.9,0,0
2024-10-07 10:54:50,64.0,18.7,74.9,7.4,1,0
2024-10-07 10:55:50,43.4,24.1,65.4,5.7,0,0
2024-10-07 10:56:50,44.6,24.6,83.7,7.8,0,0
2024-10-07 10:57:50,44.3,33.2,72.4,7.1,1,0
2024-10-07 10:58:50,57.0,25.6,85.5,8.9,0,0
2024-10-07 10:59:50,75.3,19.5,59.4,5.6,0,0
2024-10-07 11:00:50,51.7,22.6,71.4,8.3,0,0
2024-10-07 11:01:50,46.2,26.0,82.8,8.1,0,0
2024-10-07 11:02:50,50.0,24.1,72.2,6.7,0,0
2024-10-07 11:03:50,29.5,28.4,61.7,5.0,1,0
2024-10-07 11:04:50,38.5,28.8,81.4,6.9,1,0
2024-10-07 11:05:50,29.4,30.4,100.3,10.3,1,0
2024-10-07 11:06:50,40.7,29.7,92.6,9.0,0,0
2024-10-07 11:07:50,60.7,20.2,63.6,7.5,0,0
2024-10-07 11:08:50,49.8,22.2,80.3,5.7,0,0
2024-10-07 11:09:50,52.3,24.6,79.5,5.4,0,0
2024-10-07 11:10:50,54.8,26.8,61.8,7.1,0,0
